query,answer,Embedding,Search
What are recent advances in language modeling?,No relevant documents found. Please run main.py first to populate the index.,0.06703734397888184,1.6713831424713135
What are recent advances in language modeling?,"Recent advances in language modeling involve the development of Large Language Models (LLMs) and Multimodal Large Language Models (MLLMs). These models are capable of producing text that is coherent, contextually relevant, and strikingly similar to human writing. They are versatile and adaptable to various styles and genres, producing content that is grammatically correct and semantically meaningful. 

In terms of specific implementations, the open-source OpenS2S model was released, which includes the dataset, model weights, pre-training, and fine-tuning codes. This model aims to empower the broader research community and accelerate innovation in empathetic speech systems.

Moreover, there has been significant innovation in transferring the principle of reinforcement learning, which is integral to the impressive reasoning capabilities of LLMs, to MLLMs for unlocking advanced visual reasoning. A recent approach introduced a two-stage paradigm built on Qwen2.5-VL-7B, involving a massive linguistic cold-start fine-tuning, followed by multimodal reinforcement learning spanning nearly 1,000 steps. This approach surpasses all previous open-source efforts in scale.",0.07903242111206055,1.3651704788208008,15.265806198120117,16.71000909805298
What are recent advances in language modeling?,"Recent advances in language modeling include the development of Large Language Models (LLMs) and Multimodal Large Language Models (MLLMs). These models exhibit remarkable capabilities in contextually relevant, coherent, and human-like text generation. They can adapt to various styles and genres, producing content that is grammatically correct and semantically meaningful. 

The advancements in LLMs have led to the development and release of the OpenS2S model, released as fully open-source to facilitate rapid innovation, particularly in the realm of empathetic speech systems. This model includes the model weights, dataset, as well as pre-training and fine-tuning codes.

Additionally, advancements have been made in transferring cognitive behaviours identified in LLMs, particularly reinforcement with verifiable rewards, to MLLMs. This has been accomplished through a two-stage paradigm involving a massive linguistic cold-start fine-tuning, followed by multimodal reinforcement learning spanning approximately 1,000 steps based on Qwen2.5-VL-7B, which exceeds the scale of previous open-source efforts. These advancements are aimed at unlocking sophisticated visual reasoning in MLLMs.",0.06679081916809082,1.8550400733947754,13.40964388847351,15.331474781036377
What are recent advances in language modeling?,"Recent advances in language modeling include the development of Large Language Models (LLMs) and Multimodal Large Language Models (MLLMs). LLMs have shown impressive capabilities in producing coherent, contextually relevant text that closely resembles human writing. They are adept at adapting to various writing styles and genres, generating content that is grammatically correct and semantically meaningful. However, they have also been misused in some cases for phishing, spreading fake news, automating cyber crime, and writing fraudulent scientific articles.

On the other hand, the advent of MLLMs has brought forward advanced visual reasoning capabilities. A recently introduced two-stage paradigm built on Qwen2.5-VL-7B exemplifies such advancement. It involves a massive linguistic cold-start fine-tuning, followed by nearly 1,000 steps of multimodal reinforcement learning (RL), which surpasses all previous efforts in scale. 

In addition to these, there have been efforts to develop models and frameworks like the OpenS2S for empathetic speech systems. Such systems are aimed at fostering a broader research community and accelerating innovation. They include the necessary releases such as the dataset, model weights, pre-training, and fine-tuning codes, all in an open-source format.",0.05530357360839844,1.558873176574707,15.362867593765259,16.977044343948364
What are recent advances in language modeling?,"Based on the context, several recent advances in language modeling can be identified:

1. The development of Large Language Models (LLMs) that can produce text which is coherent, contextually relevant, and similar to human writing. These models can adapt to various styles and genres, and produce content with correct grammar and semantics.

2. The misuse of LLMs to create convincing phishing emails, spread fake news, automated cybercrime, and fraudulent scientific articles, highlighting the potential pitfalls and ethical considerations in the field. 

3. The release of open-source models like OpenS2S, which includes the dataset, model weights, pre-training, and fine-tuning codes. This move is seen as empowering for the broader research community and an important step towards innovation in empathetic speech systems. 

4. The investigation and application of reinforcement learning principles to Multimodal Large Language Models (MLLMs), aimed at unlocking advanced visual reasoning. This includes a two-stage paradigm involving linguistic cold-start fine-tuning, followed by multimodal reinforcement learning.

5. The use of large-scale models such as Qwen2.5-VL-7B, and processes involving nearly 1,000 steps of reinforcement learning, surpassing previous open-source efforts in scale.",0.04554557800292969,1.3305654525756836,11.90550422668457,13.281615257263184
What are recent advances in language modeling?,"Recent advances in language modeling include the development of Large Language Models (LLMs) which have an extraordinary capacity to produce coherent, contextually relevant text that closely mimics human writing. These LLMs are adaptable to various styles and genres, and can produce content characterized by grammatical correctness and semantic coherence. Another major development is the emergence of Multimodal Large Language Models (MLLMs) that combine both text and visual data for enhanced performance. As outlined in the context above, recent work has introduced a two-stage paradigm built on Qwen2.5-VL-7B to enhance visual reasoning capabilities in MLLMs. Here, a massive linguistic cold-start fine-tuning is initially performed, followed by nearly 1,000 steps of multimodal reinforcement learning. This supersedes all previous open-source efforts in terms of scale. Also, an open-source OpenS2S model has been released, complete with datasets, model weights, pre-training, and fine-tuning codes to further foster innovation in empathetic speech systems.",0.4744751453399658,1.222987174987793,8.659396409988403,10.356858730316162
2025-07-09T06:49:47.344453,what are the recent advancement in transformers ?,"The recent advancements in Transformers, as described in the context above, include:

1. Fine-tuning of Generative Pre-trained Transformer (GPT_4o-mini) and Bidirectional Encoder Representations from Transformers (BERT). These models achieve high accuracies on two tasks, Task-A and Task-B, demonstrating their utility in performance improvement.

2. The study provided three fundamental insights into behavior transfer, cold start, and strategic favoring of high-utility behaviors, indicating that these aspects are vital in model performance and need further investigation.

3. The development of X-Masters, a scattered-and-stacked agentic workflow, systematically enhances the breadth and depth of reasoning. This open-source solution sets a new state-of-the-art record on Human-Level Equivalence (HLE) with a score of 32.1%, surpassing both OpenAI and Google's Deep Research, becoming the first to exceed the 30% threshold.

4. The pioneering work also illuminates ways of gaining a deeper understanding of complex task-solving. These insights provide valuable experience, which can inform future advancements and guide subsequent training of transformer models.",0.5303337574005127,1.2855677604675293,11.999009609222412,13.814911127090454
2025-07-10T11:47:06.041827,what is langchain,"The provided text does not mention LangChain.  LangChain is a framework for developing applications with large language models (LLMs).  It's not discussed or relevant to the description of FRaN-X or the analysis of code generation benchmarks.
",0.0706169605255127,2.11515736579895,1.0542781352996826,3.2400524616241455
2025-07-10T11:48:19.410885,What are recent advances in language modeling?,"Recent advances in language modeling address the limitations of large language models (LLMs) in reasoning, particularly for complex tasks and multimodal contexts.  These advances include:

* **Improved reasoning capabilities:**  Research is actively exploring methods to enhance LLMs' reasoning abilities, particularly in complex domains like mathematical problem-solving. However, challenges remain in modality alignment and high training costs associated with techniques like data annotation and rule-based rewards.

* **Retrieval-Augmented Generation (RAG):**  To mitigate the cost and inefficiency of updating LLMs with new information, RAG dynamically incorporates external knowledge during inference.  This improves factual consistency and reduces hallucinations, but it's reliant on high-quality input queries for effective retrieval.

* **Development of flexible and distributed training models like FlexOlmo:**  This represents a novel approach allowing distributed training without data sharing, using a mixture-of-experts (MoE) architecture.  Each expert is trained independently on closed datasets and integrated via domain-informed routing *without* joint training. This addresses the scalability and data privacy issues associated with traditional LLM training.  The flexibility extends to inference, allowing for the inclusion or exclusion of specific parameters and associated data without retraining.  This addresses the limitations of updating large models with new information efficiently.


In short, the field is moving towards more efficient and flexible training methods that leverage external knowledge sources while addressing the challenges of data privacy, scalability, and cost associated with traditional large language model training.
",0.04098248481750488,2.237840414047241,4.058538913726807,6.337361812591553
